word,female_count,male_count,Unisex_count,f_m_ratio,sentiment
smiles,158,144,143,1.097,0.477
useful,9,6,3,1.429,0.44
murderer,19,2,18,6.667,-0.681
celebrated,2,0,3,3.0,0.572
legal,6,0,3,7.0,0.128
curious,56,46,44,1.213,0.318
fool,4,6,3,0.714,-0.44
cry,11,5,9,2.0,-0.477
respected,0,3,2,0.25,0.477
created,4,0,2,5.0,0.25
likes,9,8,8,1.111,0.422
liked,2,0,3,3.0,0.422
inquisitive,17,16,46,1.059,0.178
generous,31,18,25,1.684,0.511
fails,4,4,6,1.0,-0.422
save,12,2,6,4.333,0.494
sick,93,81,92,1.146,-0.511
error,2,2,2,1.0,-0.402
lost,5,4,0,1.2,-0.318
guilty,22,24,21,0.92,-0.422
loved,9,2,1,3.333,0.599
joke,2,2,2,1.0,0.296
heroic,1,12,2,0.154,0.557
truth,6,8,8,0.778,0.318
confused,68,63,61,1.078,-0.318
rich,6,12,6,0.538,0.557
refused,6,0,4,7.0,-0.296
friendship,2,1,3,1.5,0.44
nervous,202,176,179,1.147,-0.273
cut,277,241,262,1.149,-0.273
shake,3,2,3,1.333,-0.178
win,8,8,11,1.0,0.586
hard,7,11,6,0.667,-0.103
impressed,4,6,5,0.714,0.477
solve,4,14,6,0.333,0.202
lack,6,0,0,7.0,-0.318
timid,8,5,10,1.5,-0.25
trustworthy,7,3,6,2.0,0.557
frustration,3,3,3,1.0,-0.477
sore,8,11,9,0.75,-0.361
irrational,0,2,3,0.333,-0.34
laugh,11,8,8,1.333,0.557
determined,39,37,57,1.053,0.34
losing,2,1,5,1.5,-0.382
pray,19,7,11,2.5,0.318
trust,13,5,13,2.333,0.511
demand,3,6,7,0.571,-0.128
shy,2,6,4,0.429,-0.25
pay,58,47,59,1.229,-0.103
stops,5,2,2,2.0,-0.153
stop,14,45,51,0.326,-0.296
injury,11,7,10,1.5,-0.422
stupid,2,2,2,1.0,-0.527
empathetic,2,2,1,1.0,0.402
friends,8,4,6,1.8,0.477
accepted,3,0,9,4.0,0.273
honored,13,0,0,14.0,0.586
nice,27,59,42,0.467,0.422
gain,15,33,49,0.471,0.527
perfectionist,5,5,5,1.0,0.361
scare,2,1,4,1.5,-0.494
happiness,1,1,3,1.0,0.557
hopeful,5,6,3,0.857,0.511
trusted,1,4,6,0.4,0.477
funny,7,6,6,1.143,0.44
creates,0,0,5,1.0,0.273
cautious,5,4,5,1.2,-0.103
smart,19,21,15,0.909,0.402
bad,96,114,99,0.843,-0.542
convincing,1,3,1,0.5,0.402
straight,0,4,5,0.2,0.226
proud,9,7,3,1.25,0.477
smile,25,19,44,1.3,0.361
forced,2,0,3,3.0,-0.459
worried,41,37,46,1.105,-0.296
appreciative,0,0,22,1.0,0.557
fraud,0,1,5,0.5,-0.586
fire,4,1,35,2.5,-0.34
argument,1,2,2,0.667,-0.361
appreciation,6,9,13,0.7,0.511
racist,1,1,3,1.0,-0.612
cheat,3,1,3,2.0,-0.459
superior,0,30,0,0.032,0.542
accomplished,50,52,45,0.962,0.44
clean,171,205,219,0.835,0.402
helpful,294,343,287,0.858,0.422
lucky,0,14,0,0.067,0.422
needy,8,5,7,1.5,-0.34
selfish,1,3,2,0.5,-0.477
convince,9,5,7,1.667,0.25
pain,2,2,2,1.0,-0.511
important,40,51,18,0.788,0.202
mad,11,4,8,2.4,-0.494
sad,24,32,46,0.758,-0.477
lower,1,3,3,0.5,-0.296
fan,2,2,3,1.0,0.318
prepared,4,2,6,1.667,0.226
hates,5,3,4,1.5,-0.44
dishonest,8,0,8,9.0,-0.572
help,105,82,84,1.277,0.402
mess,4,2,1,1.667,-0.361
like,3,4,2,0.8,0.361
ashamed,2,2,1,1.0,-0.477
death,7,4,6,1.6,-0.599
freeway,3,3,3,1.0,0.052
protected,5,2,3,2.0,0.44
rude,19,13,9,1.429,-0.459
sins,1,4,0,0.4,-0.459
stubborn,1,2,3,0.667,-0.402
number,25,66,29,0.388,0.077
laughed,22,29,2,0.767,0.459
satisfied,181,314,185,0.578,0.422
lawsuit,2,0,3,3.0,-0.226
celebrate,5,6,6,0.857,0.572
guilt,1,5,1,0.333,-0.273
frustrated,3,1,1,2.0,-0.527
free,17,4,11,3.6,0.511
safely,2,2,2,1.0,0.494
lazy,3,2,1,1.333,-0.361
relieved,81,89,98,0.911,0.382
powerful,14,23,22,0.625,0.422
enjoyed,5,0,5,6.0,0.511
interrogated,2,0,3,3.0,-0.382
problem,19,22,20,0.87,-0.402
care,4,4,3,1.0,0.494
criminal,2,0,3,3.0,-0.527
jealous,8,5,5,1.5,-0.459
lonely,1,4,0,0.4,-0.361
desperate,105,104,63,1.01,-0.318
cuts,4,1,6,2.5,-0.296
healthy,13,26,16,0.519,0.402
fired,515,485,551,1.062,-0.557
fun,36,30,29,1.194,0.511
praise,2,9,7,0.3,0.557
arrested,87,108,99,0.807,-0.477
friendly,11,13,17,0.857,0.494
creative,9,6,4,1.429,0.44
brave,1,4,2,0.4,0.527
gun,4,1,1,2.5,-0.34
disappointed,99,75,86,1.316,-0.477
rejected,20,10,2,1.909,-0.511
kill,3,30,5,0.129,-0.691
rejection,10,14,11,0.733,-0.542
leak,3,1,1,2.0,-0.34
leave,48,87,60,0.557,-0.052
suspected,19,0,18,20.0,-0.226
broken,8,7,6,1.125,-0.477
beautiful,5,1,9,3.0,0.599
admire,3,6,0,0.571,0.477
sorry,5,1,8,3.0,-0.077
kind,5,4,5,1.2,0.527
boredom,4,16,0,0.294,-0.318
hide,2,5,5,0.5,-0.178
thankful,32,40,70,0.805,0.572
gift,27,55,44,0.5,0.44
trouble,15,22,47,0.696,-0.402
fit,6,8,6,0.778,0.361
surprise,5,3,3,1.5,0.273
welcome,34,8,15,3.889,0.459
excited,2,1,4,1.5,0.34
intelligent,2,3,2,0.75,0.459
surprised,25,27,32,0.929,0.226
drunk,9,23,43,0.417,-0.34
confident,3,2,4,1.333,0.494
fine,5,2,4,2.0,0.202
faith,2,10,3,0.273,0.422
loyal,9,16,20,0.588,0.477
loses,15,15,14,1.0,-0.318
hand,2,2,2,1.0,0.494
responsible,65,85,76,0.767,0.318
avoid,1,2,2,0.667,-0.296
loyalty,19,41,26,0.476,0.542
safe,25,29,49,0.867,0.44
penalty,3,2,3,1.333,-0.459
problems,3,1,2,2.0,-0.402
thanks,34,30,43,1.129,0.44
suspects,8,0,0,9.0,-0.34
good,206,256,167,0.805,0.44
poisoning,3,2,3,1.333,-0.586
apologizes,2,4,4,0.6,0.361
wrong,8,10,16,0.818,-0.477
authority,14,50,19,0.294,0.077
sure,14,37,22,0.395,0.318
irresponsible,35,30,31,1.161,-0.44
perfect,2,3,2,0.75,0.572
god,2,1,2,1.5,0.273
increase,2,2,2,1.0,0.318
invite,1,3,1,0.5,0.153
interested,18,15,18,1.188,0.402
hope,0,0,16,1.0,0.44
successful,10,42,16,0.256,0.586
admires,7,0,6,8.0,0.361
apologize,27,31,39,0.875,0.103
scared,16,15,18,1.062,-0.44
friend,0,3,16,0.25,0.494
thank,165,163,135,1.012,0.361
ignored,4,6,4,0.714,-0.318
alone,14,15,16,0.938,-0.25
love,5,3,6,1.5,0.637
tired,69,33,62,2.059,-0.44
dissatisfied,5,10,3,0.545,-0.382
better,18,15,28,1.188,0.44
demanded,9,0,4,10.0,-0.226
safety,13,12,13,1.077,0.422
succeed,0,5,0,0.167,0.494
ready,3,2,0,1.333,0.361
ok,6,22,14,0.304,0.296
wins,9,7,7,1.25,0.572
happy,435,412,380,1.056,0.572
sneaky,4,6,3,0.714,-0.226
gains,2,5,5,0.5,0.34
complain,22,9,13,2.3,-0.361
annoyed,3,2,2,1.333,-0.382
upset,10,18,16,0.579,-0.382
gratitude,2,1,4,1.5,0.511
protect,2,1,2,1.5,0.382
punishment,6,9,9,0.7,-0.494
punish,16,11,10,1.417,-0.527
revenge,1,4,3,0.4,-0.527
fake,4,2,3,1.667,-0.477
competitive,2,2,1,1.0,0.178
lose,121,163,148,0.744,-0.402
greedy,4,3,4,1.25,-0.318
mistake,1,2,2,0.667,-0.34
careful,5,0,6,6.0,0.153
grateful,31,25,34,1.231,0.459
dirty,20,33,23,0.618,-0.44
impression,2,0,3,3.0,0.226
hated,2,0,3,3.0,-0.637
accept,1,1,5,1.0,0.382
want,16,7,19,2.125,0.077
illegal,6,14,11,0.467,-0.557
angry,56,32,79,1.727,-0.511
thanked,34,34,34,1.0,0.44
victim,1,2,3,0.667,-0.273
cleaner,118,161,156,0.735,0.178
