word,female_count,male_count,PersonX_count,f_m_ratio,sentiment
successful,10,42,134,0.256,0.586
brave,1,4,0,0.4,0.527
apologizes,2,4,6,0.6,0.361
funny,7,6,7,1.143,0.44
suspect,4,0,1,5.0,-0.296
careful,5,0,2,6.0,0.153
clean,171,205,307,0.835,0.402
punishment,6,9,1,0.7,-0.494
loved,9,2,1,3.333,0.599
timid,8,5,16,1.5,-0.25
fun,36,30,60,1.194,0.511
guilty,22,24,27,0.92,-0.422
faith,2,10,0,0.273,0.422
truth,6,8,24,0.778,0.318
fit,6,8,4,0.778,0.361
argue,0,1,4,0.5,-0.34
thank,165,163,580,1.012,0.361
smart,19,21,15,0.909,0.402
needy,8,5,10,1.5,-0.34
encourage,0,1,5,0.5,0.511
hates,5,3,0,1.5,-0.44
freeway,3,3,0,1.0,0.052
thanks,34,30,44,1.129,0.44
alone,14,15,114,0.938,-0.25
healthy,13,26,37,0.519,0.402
perfectionist,5,5,4,1.0,0.361
lucky,0,14,0,0.067,0.422
sorry,5,1,7,3.0,-0.077
intelligent,2,3,1,0.75,0.459
wrong,8,10,22,0.818,-0.477
rejected,20,10,3,1.909,-0.511
protected,5,2,5,2.0,0.44
powerful,14,23,22,0.625,0.422
injury,11,7,0,1.5,-0.422
helpful,294,343,743,0.858,0.422
save,12,2,32,4.333,0.494
lack,6,0,0,7.0,-0.318
enjoyed,5,0,0,6.0,0.511
number,25,66,15,0.388,0.077
dirty,20,33,12,0.618,-0.44
boredom,4,16,0,0.294,-0.318
apologize,27,31,337,0.875,0.103
convince,9,5,62,1.667,0.25
cleaner,118,161,224,0.735,0.178
desperate,105,104,4,1.01,-0.318
determined,39,37,4,1.053,0.34
cry,11,5,18,2.0,-0.477
perfect,2,3,0,0.75,0.572
admires,7,0,0,8.0,0.361
problem,19,22,71,0.87,-0.402
sick,93,81,37,1.146,-0.511
ok,6,22,36,0.304,0.296
complain,22,9,85,2.3,-0.361
scared,16,15,11,1.062,-0.44
creative,9,6,9,1.429,0.44
murderer,19,2,0,6.667,-0.681
truthful,1,1,7,1.0,0.459
drunk,9,23,1,0.417,-0.34
congratulate,1,0,23,2.0,0.494
rich,6,12,5,0.538,0.557
hard,7,11,30,0.667,-0.103
mad,11,4,4,2.4,-0.494
help,105,82,339,1.277,0.402
annoyed,3,2,2,1.333,-0.382
mistake,1,2,8,0.667,-0.34
broken,8,7,7,1.125,-0.477
pray,19,7,0,2.5,0.318
safety,13,12,4,1.077,0.422
trustworthy,7,3,8,2.0,0.557
ashamed,2,2,3,1.0,-0.477
sure,14,37,70,0.395,0.318
gift,27,55,82,0.5,0.44
honored,13,0,0,14.0,0.586
safe,25,29,133,0.867,0.44
poisoning,3,2,0,1.333,-0.586
blind,1,2,5,0.667,-0.402
fails,4,4,3,1.0,-0.422
superior,0,30,0,0.032,0.542
legal,6,0,0,7.0,0.128
arrested,87,108,27,0.807,-0.477
dissatisfied,5,10,0,0.545,-0.382
heroic,1,12,2,0.154,0.557
frustration,3,3,5,1.0,-0.477
loyal,9,16,0,0.588,0.477
greet,0,0,8,1.0,0.318
surprised,25,27,45,0.929,0.226
selfish,1,3,3,0.5,-0.477
accept,1,1,9,1.0,0.382
smile,25,19,8,1.3,0.361
disappointed,99,75,91,1.316,-0.477
fool,4,6,0,0.714,-0.44
laugh,11,8,5,1.333,0.557
trouble,15,22,8,0.696,-0.402
impression,2,0,32,3.0,0.226
dishonest,8,0,0,9.0,-0.572
hide,2,5,16,0.5,-0.178
praise,2,9,1,0.3,0.557
kind,5,4,10,1.2,0.527
worried,41,37,51,1.105,-0.296
increase,2,2,1,1.0,0.318
satisfied,181,314,25,0.578,0.422
good,206,256,121,0.805,0.44
smiles,158,144,162,1.097,0.477
laughed,22,29,2,0.767,0.459
free,17,4,49,3.6,0.511
demand,3,6,4,0.571,-0.128
irresponsible,35,30,27,1.161,-0.44
frustrated,3,1,3,2.0,-0.527
succeed,0,5,2,0.167,0.494
refused,6,0,0,7.0,-0.296
confused,68,63,44,1.078,-0.318
hopeful,5,6,6,0.857,0.511
friends,8,4,37,1.8,0.477
shy,2,6,8,0.429,-0.25
bad,96,114,13,0.843,-0.542
nervous,202,176,82,1.147,-0.273
want,16,7,20,2.125,0.077
gains,2,5,1,0.5,0.34
ignored,4,6,4,0.714,-0.318
punish,16,11,66,1.417,-0.527
angry,56,32,23,1.727,-0.511
better,18,15,46,1.188,0.44
feared,1,1,3,1.0,-0.494
stop,14,45,42,0.326,-0.296
argument,1,2,15,0.667,-0.361
upset,10,18,42,0.579,-0.382
rejection,10,14,3,0.733,-0.542
thankful,32,40,23,0.805,0.572
confidence,0,1,4,0.5,0.511
solution,0,0,7,1.0,0.318
demanded,9,0,0,10.0,-0.226
sore,8,11,1,0.75,-0.361
lost,5,4,8,1.2,-0.318
useful,9,6,0,1.429,0.44
guilt,1,5,0,0.333,-0.273
curious,56,46,85,1.213,0.318
loyalty,19,41,1,0.476,0.542
kill,3,30,0,0.129,-0.691
coward,1,1,3,1.0,-0.459
joke,2,2,29,1.0,0.296
stubborn,1,2,16,0.667,-0.402
interested,18,15,18,1.188,0.402
ready,3,2,0,1.333,0.361
cut,277,241,167,1.149,-0.273
nice,27,59,15,0.467,0.422
welcome,34,8,2,3.889,0.459
rude,19,13,22,1.429,-0.459
likes,9,8,11,1.111,0.422
greedy,4,3,3,1.25,-0.318
tired,69,33,29,2.059,-0.44
accomplished,50,52,48,0.962,0.44
generous,31,18,73,1.684,0.511
trusted,1,4,17,0.4,0.477
blame,0,0,13,1.0,-0.34
revenge,1,4,0,0.4,-0.527
fire,4,1,17,2.5,-0.34
wins,9,7,6,1.25,0.572
loses,15,15,15,1.0,-0.318
pay,58,47,720,1.229,-0.103
cautious,5,4,8,1.2,-0.103
fake,4,2,0,1.667,-0.477
care,4,4,2,1.0,0.494
dominance,0,0,25,1.0,0.202
sins,1,4,0,0.4,-0.459
hug,1,2,3,0.667,0.477
lose,121,163,45,0.744,-0.402
suspects,8,0,0,9.0,-0.34
happy,435,412,377,1.056,0.572
important,40,51,2,0.788,0.202
thanked,34,34,63,1.0,0.44
party,0,0,16,1.0,0.402
cuts,4,1,1,2.5,-0.296
avoid,1,2,49,0.667,-0.296
fired,515,485,235,1.062,-0.557
grateful,31,25,60,1.231,0.459
like,3,4,7,0.8,0.361
death,7,4,0,1.6,-0.599
friendly,11,13,26,0.857,0.494
mess,4,2,2,1.667,-0.361
sad,24,32,27,0.758,-0.477
gun,4,1,2,2.5,-0.34
lonely,1,4,1,0.4,-0.361
responsible,65,85,148,0.767,0.318
beautiful,5,1,1,3.0,0.599
trust,13,5,8,2.333,0.511
empathetic,2,2,1,1.0,0.402
impressed,4,6,15,0.714,0.477
respected,0,3,2,0.25,0.477
sneaky,4,6,3,0.714,-0.226
penalty,3,2,0,1.333,-0.459
fan,2,2,12,1.0,0.318
inquisitive,17,16,40,1.059,0.178
convincing,1,3,3,0.5,0.402
proud,9,7,5,1.25,0.477
admire,3,6,0,0.571,0.477
love,5,3,1,1.5,0.637
gratitude,2,1,6,1.5,0.511
protect,2,1,2,1.5,0.382
confident,3,2,0,1.333,0.494
solve,4,14,0,0.333,0.202
jealous,8,5,1,1.5,-0.459
gain,15,33,2,0.471,0.527
leak,3,1,2,2.0,-0.34
shake,3,2,0,1.333,-0.178
surprise,5,3,1,1.5,0.273
authority,14,50,28,0.294,0.077
suspected,19,0,0,20.0,-0.226
illegal,6,14,1,0.467,-0.557
excited,2,1,5,1.5,0.34
appreciation,6,9,25,0.7,0.511
friend,0,3,5,0.25,0.494
leave,48,87,81,0.557,-0.052
competitive,2,2,3,1.0,0.178
win,8,8,88,1.0,0.586
lazy,3,2,2,1.333,-0.361
fine,5,2,3,2.0,0.202
hand,2,2,7,1.0,0.494
error,2,2,2,1.0,-0.402
stops,5,2,14,2.0,-0.153
hero,1,2,34,0.667,0.557
relieved,81,89,102,0.911,0.382
prepared,4,2,17,1.667,0.226
celebrate,5,6,12,0.857,0.572
